,Unnamed: 0,numberofnotes,numberofchords,numberofmeasures,meandistancebetweenchords,meantimebetweenchords,key,timechanges,trillslength,avgtempo,32nd_and_shorter,16th,eighth,quarter,dotted quarter,half,dotted half,whole,CompositePiece,Competitior Name,Country of Origin,Age,Stage,Stage Simple,Composer,Piece,Ranking
0,5,8628.0,1879.0,694.0,12.312566560170394,0.4800452609158679,F# major,8.0,"[0, 0]",145.5479546927012,173.0,3773.0,788.0,134.0,107.0,0.0,40.0,0.0,Mily Balakirev Islamey,Andrey Gugnin.,Russia,29.0,Preliminary,Preliminary,Mily Balakirev,Islamey,1
2,9,3051.0,0.0,324.0,,,a minor,2.0,"[0, 0]",90.69659442724458,0.0,2170.0,806.0,55.0,1.0,5.0,4.0,0.0,Bach English Suite No.6 in D Minor BWV 811,Simone Pedroni,Italy,24.0,Preliminary,Preliminary,Bach,English Suite No.6 in D Minor BWV 811,1
3,12,3051.0,0.0,324.0,,,a minor,2.0,"[0, 0]",90.69659442724458,0.0,2170.0,806.0,55.0,1.0,5.0,4.0,0.0,Bach English Suite No.2 in A Minor BWV 807,JosE Feghali,Brazil,24.0,Preliminary Phase 1,Preliminary,Bach,English Suite No.2 in A Minor BWV 807,1
4,14,5289.0,743.0,1258.0,12.966307277628031,2.5390835579514826,b minor,2.0,"[0, 0]",0.0,52.0,4.0,2785.0,893.0,75.0,134.0,308.0,0.0,Chopin Scherzo No.1 in B Minor Op.20,JosE Feghali,Brazil,24.0,Preliminary Phase 1,Preliminary,Chopin,Scherzo No.1 in B Minor Op.20,1
5,15,1378.0,83.0,158.0,2.658536585365854,3.804878048780488,C major,2.0,"[0, 0]",101.13740458015268,0.0,1203.0,0.0,8.0,0.0,12.0,4.0,68.0,Chopin Etude in C Major Op.10 No.1,JosE Feghali,Brazil,24.0,Preliminary Phase 1,Preliminary,Chopin,Etude in C Major Op.10 No.1,1
6,16,4467.0,1118.0,440.0,17.826320501342884,0.3930207400775884,a minor,24.0,"[2, Fraction(4, 3)]",74.67163327366109,821.0,1317.0,397.0,96.0,6.0,24.0,0.0,0.0,Liszt Paganini Etude No.6 in A Minor,JosE Feghali,Brazil,24.0,Preliminary Phase 1,Preliminary,Liszt,Paganini Etude No.6 in A Minor,1
7,17,2182.0,168.0,336.0,11.233532934131736,2.6706586826347305,D major,3.0,"[9, 10.0]",0.0,70.0,1055.0,622.0,169.0,5.0,24.0,0.0,4.0,Mozart Sonata in D Major K.311,JosE Feghali,Brazil,24.0,Preliminary Phase 2,Preliminary,Mozart,Sonata in D Major K.311,1
8,18,6468.0,1061.0,528.0,9.994339623,1.4660377358490566,f minor,2.0,"[24, 63.0]",86.32453459294248,20.0,2170.0,1661.0,309.0,307.0,0.0,126.0,0.0,"Beethoven Sonata in F Minor Op.57 ""Appassionata""",JosE Feghali,Brazil,24.0,Preliminary Phase 2,Preliminary,Beethoven,"Sonata in F Minor Op.57 ""Appassionata""",1
9,19,6759.0,1705.0,672.0,16.357981220657276,0.767605634,A- major,18.0,"[0, 0]",150.6590084643289,34.0,162.0,819.0,970.0,40.0,213.0,13.0,16.0,Chopin Fantasy in F Minor Op.49,JosE Feghali,Brazil,24.0,Preliminary Phase 2,Preliminary,Chopin,Fantasy in F Minor Op.49,1
11,22,2541.0,144.0,318.0,4.020979020979021,1.814685314685318,B major,8.0,"[4, 2.75]",132.44210526315788,136.0,170.0,878.0,209.0,43.0,51.0,16.0,4.0,Chopin Nocturne in B Major Op.9 No.3,Alexander Kobrin,Russia,25.0,Preliminary Recital,Preliminary,Chopin,Nocturne in B Major Op.9 No.3,1
12,26,4289.0,887.0,292.0,13.67607223476298,0.4830699774266364,g# minor,2.0,"[5, 6.5]",0.0,825.0,1428.0,685.0,3.0,3.0,0.0,2.0,0.0,Liszt La Campanella,Nobuyuki Tsujii,Japan,20.0,Preliminary Recital,Preliminary,Liszt,La Campanella,1
13,27,251.0,66.0,22.0,9.584615384615384,0.4576923076923077,E- major,4.0,"[1, 1.5]",0.0,9.0,67.0,50.0,5.0,7.0,0.0,0.0,0.0,Beethoven Sonata in A-flat Major Op.110,Haochen Zhang,China,19.0,Preliminary Recital,Preliminary,Beethoven,Sonata in A-flat Major Op.110,1
14,36,1474.0,440.0,80.0,10.241457858769932,0.3638952164009111,b minor,2.0,"[0, 0]",59.78888888888889,28.0,652.0,0.0,46.0,0.0,51.0,0.0,4.0,Bach-Siloti Prelude in B Minor,Vadym Kholodenko,Ukraine,26.0,Preliminary Recital 2,Preliminary,Bach-Siloti,Prelude in B Minor,1
15,37,10868.0,1570.0,1574.0,9.492670490758444,1.3804971319311663,E- major,10.0,"[18, 7.5]",0.0,1372.0,2020.0,2565.0,1010.0,375.0,91.0,198.0,0.0,Beethoven Sonata in E Major Op.109,Vadym Kholodenko,Ukraine,26.0,Preliminary Recital 2,Preliminary,Beethoven,Sonata in E Major Op.109,1
16,40,1252.0,7.0,274.0,6.0,36.458333333333336,c minor,4.0,"[0, 0]",0.0,3.0,760.0,403.0,32.0,11.0,2.0,0.0,0.0,Bach Partita No.2 in C Minor BWV 826,Stanislav Ioudenitch,Uzbekistan,29.0,Preliminary Round,Preliminary,Bach,Partita No.2 in C Minor BWV 826,1
17,42,4960.0,1724.0,900.0,17.269297736506093,0.3105049332559489,b- minor,16.0,"[9, 6.0]",129.12382234185733,228.0,926.0,866.0,240.0,5.0,17.0,5.0,0.0,Liszt Hungarian Rhapsody No.6,Stanislav Ioudenitch,Uzbekistan,29.0,Preliminary Round,Preliminary,Liszt,Hungarian Rhapsody No.6,1
18,46,17500.0,4879.0,4608.0,16.137966379663798,0.3904409252425841,d minor,96.0,"[1, 2.0]",44.25536664600821,1407.0,2280.0,3654.0,763.0,55.0,138.0,18.0,9.0,Liszt Réminiscences de Don Juan,Olga Kern,Russia,26.0,Preliminary Round,Preliminary,Liszt,Réminiscences de Don Juan,1
19,49,2182.0,168.0,336.0,11.233532934131736,2.6706586826347305,D major,3.0,"[9, 10.0]",0.0,70.0,1055.0,622.0,169.0,5.0,24.0,0.0,4.0,Mozart Sonata No.9 in D Major K.311,Yunchan Lim,South Korea,18.0,Preliminary Round,Preliminary,Mozart,Sonata No.9 in D Major K.311,1
20,50,11556.0,2130.0,1209.0,11.205730389854391,0.4864010881477996,B- major,18.0,"[23, 18.75]",64.33512250451788,2195.0,1284.0,1790.0,381.0,84.0,139.0,8.0,3.0,"Chopin Variations on ""La ci darem la mano"" Op.2",Yunchan Lim,South Korea,18.0,Preliminary Round,Preliminary,Chopin,"Variations on ""La ci darem la mano"" Op.2",1
22,52,10144.0,2172.0,1510.0,16.80469829571626,1.041927683095348,d minor,2.0,"[0, 0]",207.97888276635763,24.0,450.0,2567.0,1996.0,209.0,307.0,140.0,0.0,Ravel La Valse,Yekwon Sunwoo,South Korea,28.0,Quarterfinal Recital,Quarterfinal,Ravel,La Valse,1
23,55,9110.0,1375.0,1250.0,9.692867540029113,0.9090368753032512,E- major,40.0,"[30, 31.375]",0.0,1844.0,2221.0,1527.0,344.0,138.0,143.0,2.0,0.0,"Beethoven Variations and Fugue in E-flat Major Op.35 (""Eroica"")",Yunchan Lim,South Korea,18.0,Quarterfinal Rond,Quarterfinal,Beethoven,"Variations and Fugue in E-flat Major Op.35 (""Eroica"")",1
24,56,242.0,0.0,30.0,,,A- major,2.0,"[0, 0]",110.0769230769231,1.0,0.0,191.0,39.0,2.0,3.0,6.0,0.0,Schumann Carnaval Op.9,JosE Feghali,Brazil,24.0,Recital Program,Recital Program,Schumann,Carnaval Op.9,1
25,63,1322.0,276.0,158.0,0.850909091,1.1333333333333333,C major,2.0,"[7, 11.0]",65.0,30.0,66.0,82.0,62.0,26.0,101.0,21.0,18.0,Mozart Piano Concerto No.21 in C Major K.467,Yekwon Sunwoo,South Korea,28.0,Semifinal Concerto,Semifinal,Mozart,Piano Concerto No.21 in C Major K.467,1
26,64,1322.0,276.0,158.0,0.850909091,1.1333333333333333,C major,2.0,"[7, 11.0]",65.0,30.0,66.0,82.0,62.0,26.0,101.0,21.0,18.0,Mozart Piano Concerto No.22 in E-flat Major K.482,Yunchan Lim,South Korea,18.0,Semifinal Concerto,Semifinal,Mozart,Piano Concerto No.22 in E-flat Major K.482,1
27,67,10868.0,1570.0,1574.0,9.492670490758444,1.3804971319311663,E- major,10.0,"[18, 7.5]",0.0,1372.0,2020.0,2565.0,1010.0,375.0,91.0,198.0,0.0,Beethoven Sonata in E Major Op.109,Jon Nakamatsu,United States,28.0,Semifinal Recital,Semifinal,Beethoven,Sonata in E Major Op.109,1
28,68,242.0,0.0,30.0,,,A- major,2.0,"[0, 0]",110.0769230769231,1.0,0.0,191.0,39.0,2.0,3.0,6.0,0.0,Schumann Carnaval Op.9,Jon Nakamatsu,United States,28.0,Semifinal Recital,Semifinal,Schumann,Carnaval Op.9,1
30,70,12148.0,3480.0,1328.0,15.027019258407588,0.4169301523426256,A major,16.0,"[8, 12.0]",0.0,1046.0,2627.0,2147.0,198.0,148.0,21.0,12.0,0.0,Liszt Spanish Rhapsody,Stanislav Ioudenitch,Uzbekistan,29.0,Semifinal Recital,Semifinal,Liszt,Spanish Rhapsody,1
31,71,719.0,182.0,108.0,7.9779005524861875,0.5828729281767956,f minor,2.0,"[0, 0]",0.0,33.0,91.0,310.0,60.0,4.0,2.0,0.0,0.0,Schubert Moments Musicaux D.780,Stanislav Ioudenitch,Uzbekistan,29.0,Semifinal Recital,Semifinal,Schubert,Moments Musicaux D.780,1
32,74,4251.0,864.0,268.0,9.44611819235226,0.6152954808806459,B- major,2.0,"[2, 1.0]",0.0,54.0,1023.0,618.0,185.0,44.0,72.0,1.0,3.0,Schubert Impromptu in F Minor Op.142 No.1,Olga Kern,Russia,26.0,Semifinal Recital,Semifinal,Schubert,Impromptu in F Minor Op.142 No.1,1
33,75,4251.0,864.0,268.0,9.44611819235226,0.6152954808806459,B- major,2.0,"[2, 1.0]",0.0,54.0,1023.0,618.0,185.0,44.0,72.0,1.0,3.0,Schubert Impromptu in B-flat Major Op.142 No.3,Olga Kern,Russia,26.0,Semifinal Recital,Semifinal,Schubert,Impromptu in B-flat Major Op.142 No.3,1
34,81,13440.0,3380.0,1491.0,16.129032258064516,0.4633397454868298,c# minor,39.0,"[7, 6.5]",169.26464997936048,1884.0,2015.0,2046.0,771.0,63.0,241.0,4.0,25.0,Schumann Symphonic Etudes Op.13,Alexander Kobrin,Russia,25.0,Semifinal Recital,Semifinal,Schumann,Symphonic Etudes Op.13,1
36,87,12148.0,3480.0,1328.0,15.027019258407588,0.4169301523426256,A major,16.0,"[8, 12.0]",0.0,1046.0,2627.0,2147.0,198.0,148.0,21.0,12.0,0.0,Liszt Spanish Rhapsody,Haochen Zhang,China,19.0,Semifinal Recital,Semifinal,Liszt,Spanish Rhapsody,1
38,90,10868.0,1570.0,1574.0,9.492670490758444,1.3804971319311663,E- major,10.0,"[18, 7.5]",0.0,1372.0,2020.0,2565.0,1010.0,375.0,91.0,198.0,0.0,Beethoven Sonata in E Major Op.109,Yekwon Sunwoo,South Korea,28.0,Semifinal Recital,Semifinal,Beethoven,Sonata in E Major Op.109,1
43,103,5280.0,1050.0,1048.0,15.587225929456626,1.363240784874486,g minor,12.0,"[2, 3.75]",0.0,30.0,28.0,1784.0,1184.0,33.0,163.0,167.0,13.0,Chopin Ballade No.1 in G Minor Op.23,Philippe Bianconi,France,25.0,Preliminary Phase 1,Preliminary,Chopin,Ballade No.1 in G Minor Op.23,2
45,107,7727.0,1046.0,938.0,9.446889952,1.5971291866028707,B- major,6.0,"[3, 5.5]",139.07531172069827,363.0,2075.0,2456.0,1059.0,34.0,168.0,12.0,10.0,Beethoven Sonata in B-flat Major Op.22,JosE Carlos Cocarelli,Brazil,30.0,Preliminary Phase 1,Preliminary,Beethoven,Sonata in B-flat Major Op.22,2
46,108,6394.0,1220.0,482.0,10.941755537325676,0.593934578,b- minor,2.0,"[7, 5.375]",46.75850545009423,43.0,1498.0,1336.0,153.0,80.0,0.0,26.0,0.0,Chopin Ballade No.4 in F Minor Op.52,JosE Carlos Cocarelli,Brazil,30.0,Preliminary Phase 1,Preliminary,Chopin,Ballade No.4 in F Minor Op.52,2
50,113,10240.0,2583.0,1812.0,15.51471727343145,0.5611928737412812,A major,18.0,"[6, 10.0]",0.0,738.0,1703.0,2585.0,340.0,81.0,7.0,0.0,0.0,Liszt Mephisto Waltz No.1,Philippe Bianconi,France,25.0,Preliminary Phase 2,Preliminary,Liszt,Mephisto Waltz No.1,2
51,114,2129.0,168.0,324.0,4.736526946107785,2.7215568862275448,D major,2.0,"[5, 2.5]",124.0,12.0,989.0,723.0,117.0,87.0,0.0,16.0,0.0,Mozart Sonata in D Major K.576,JosE Carlos Cocarelli,Brazil,30.0,Preliminary Phase 2,Preliminary,Mozart,Sonata in D Major K.576,2
52,118,1116.0,3.0,176.0,7.0,25.5,C# major,2.0,"[0, 0]",24.97142857142857,24.0,0.0,81.0,8.0,0.0,0.0,0.0,0.0,Schumann Fantasiestücke Op.12,Yeol Eum Son,South Korea,23.0,Preliminary Recital,Preliminary,Schumann,Fantasiestücke Op.12,2
53,119,12148.0,3480.0,1328.0,15.027019258407588,0.4169301523426256,A major,16.0,"[8, 12.0]",0.0,1046.0,2627.0,2147.0,198.0,148.0,21.0,12.0,0.0,Liszt Spanish Rhapsody,Yeol Eum Son,South Korea,23.0,Preliminary Recital,Preliminary,Liszt,Spanish Rhapsody,2
55,124,332.0,12.0,52.0,3.727272727272727,1.2727272727272727,G major,8.0,"[0, 0]",154.0,0.0,0.0,189.0,103.0,1.0,22.0,0.0,1.0,Bach French Suite No.5 in G Major BWV 816,Sean Chen,United States,24.0,Preliminary Recital 1,Preliminary,Bach,French Suite No.5 in G Major BWV 816,2
57,129,13440.0,3380.0,1491.0,16.129032258064516,0.4633397454868298,c# minor,39.0,"[7, 6.5]",169.26464997936048,1884.0,2015.0,2046.0,771.0,63.0,241.0,4.0,25.0,Schumann Symphonic Etudes Op.13,Beatrice Rana,Italy,20.0,Preliminary Recital 1,Preliminary,Schumann,Symphonic Etudes Op.13,2
58,132,5107.0,908.0,282.0,6.630650496141125,0.3514999081220138,g# minor,150.0,"[0, 0]",60.58154330091592,3111.0,73.0,278.0,91.0,31.0,11.0,18.0,8.0,Ravel Gaspard de la Nuit,Beatrice Rana,Italy,20.0,Preliminary Recital 2,Preliminary,Ravel,Gaspard de la Nuit,2
59,133,8545.0,1548.0,3480.0,8.067873303,0.9762726244343898,d minor,912.0,"[1, 0.5]",207.26741099578248,1210.0,540.0,2360.0,491.0,28.0,275.0,63.0,27.0,Bartók Out of Doors,Beatrice Rana,Italy,20.0,Preliminary Recital 2,Preliminary,Bartók,Out of Doors,2
60,137,6776.0,889.0,1028.0,8.434684684684685,1.7663288288288288,F major,6.0,"[30, 18.5]",0.0,330.0,2288.0,1943.0,725.0,200.0,45.0,43.0,0.0,Mozart Sonata in F Major K.332,Antonio Pompa-Baldi,Italy,26.0,Preliminary Round,Preliminary,Mozart,Sonata in F Major K.332,2
61,138,12022.0,3266.0,1390.0,14.90689127105666,0.7632465543644693,b- minor,8.0,"[0, 0]",72.62578419071518,78.0,148.0,2005.0,1876.0,43.0,275.0,74.0,90.0,Chopin Sonata No.2 in B-flat Minor Op.35,Antonio Pompa-Baldi,Italy,26.0,Preliminary Round,Preliminary,Chopin,Sonata No.2 in B-flat Minor Op.35,2
62,141,1116.0,3.0,176.0,7.0,25.5,C# major,2.0,"[0, 0]",24.97142857142857,24.0,0.0,81.0,8.0,0.0,0.0,0.0,0.0,Schumann Fantasiestücke Op.12,Maxim Philippov,Russia,29.0,Preliminary Round,Preliminary,Schumann,Fantasiestücke Op.12,2
63,145,17500.0,4879.0,4608.0,16.137966379663798,0.3904409252425841,d minor,96.0,"[1, 2.0]",44.25536664600821,1407.0,2280.0,3654.0,763.0,55.0,138.0,18.0,9.0,Liszt Réminiscences de Don Juan,Joyce Yang,South Korea,19.0,Preliminary Round,Preliminary,Liszt,Réminiscences de Don Juan,2
65,150,3899.0,1243.0,536.0,10.841384863123992,0.4388083735909823,b minor,120.0,"[0, 0]",137.7870485678705,136.0,257.0,1670.0,148.0,15.0,85.0,4.0,0.0,Bartok Sonata Sz. 80,Anna Geniushene,Russia,31.0,Quarterfinal,Quarterfinal,Bartok,Sonata Sz. 80,2
67,155,6394.0,1220.0,482.0,10.941755537325676,0.593934578,b- minor,2.0,"[7, 5.375]",46.75850545009423,43.0,1498.0,1336.0,153.0,80.0,0.0,26.0,0.0,Chopin Ballade No.4 in F Minor Op.52,Kenneth Broberg,United States,23.0,Quarterfinal Recital,Quarterfinal,Chopin,Ballade No.4 in F Minor Op.52,2
68,160,10144.0,2172.0,1510.0,16.80469829571626,1.041927683095348,d minor,2.0,"[0, 0]",207.97888276635763,24.0,450.0,2567.0,1996.0,209.0,307.0,140.0,0.0,Ravel La Valse,Yakov Kasman,Russia,30.0,Semifinal Recital,Semifinal,Ravel,La Valse,2
70,164,8208.0,1479.0,842.0,11.773342354533153,1.089309878213803,f# minor,8.0,"[1, 2.0]",157.0281765018607,193.0,1856.0,2616.0,631.0,182.0,211.0,149.0,80.0,Debussy Suite Bergamasque,Antonio Pompa-Baldi,Italy,26.0,Semifinal Recital,Semifinal,Debussy,Suite Bergamasque,2
71,173,1752.0,201.0,98.0,11.015,1.26,g# minor,6.0,"[0, 0]",138.13782542113324,14.0,1014.0,192.0,97.0,87.0,0.0,23.0,0.0,Rachmaninoff 13 Preludes Op.32,Maxim Philippov,Russia,29.0,Semifinal Recital,Semifinal,Rachmaninoff,13 Preludes Op.32,2
72,174,1321.0,233.0,216.0,7.741379310344827,1.3836206896551724,D major,2.0,"[0, 0]",146.71461716937355,125.0,152.0,597.0,46.0,146.0,0.0,8.0,0.0,Scarlatti Sonata in D Major K.492,Joyce Yang,South Korea,19.0,Semifinal Recital,Semifinal,Scarlatti,Sonata in D Major K.492,2
73,175,167.0,15.0,48.0,5.428571428571429,2.25,d minor,2.0,"[0, 0]",57.10344827586207,24.0,18.0,75.0,6.0,18.0,0.0,0.0,0.0,Scarlatti Sonata in D Minor K.141,Joyce Yang,South Korea,19.0,Semifinal Recital,Semifinal,Scarlatti,Sonata in D Minor K.141,2
74,177,10868.0,1570.0,1574.0,9.492670490758444,1.3804971319311663,E- major,10.0,"[18, 7.5]",0.0,1372.0,2020.0,2565.0,1010.0,375.0,91.0,198.0,0.0,Beethoven Sonata in E-flat Major Op.31 No.3,Joyce Yang,South Korea,19.0,Semifinal Recital,Semifinal,Beethoven,Sonata in E-flat Major Op.31 No.3,2
75,178,4960.0,1724.0,900.0,17.269297736506093,0.3105049332559489,b- minor,16.0,"[9, 6.0]",129.12382234185733,228.0,926.0,866.0,240.0,5.0,17.0,5.0,0.0,Liszt Hungarian Rhapsody No.6,Joyce Yang,South Korea,19.0,Semifinal Recital,Semifinal,Liszt,Hungarian Rhapsody No.6,2
76,191,7193.0,1795.0,1761.0,11.273690078037903,0.9788345410628017,e minor,24.0,"[0, 0]",83.80725542,107.0,34.0,1181.0,1831.0,162.0,319.0,174.0,0.0,Ravel Valses nobles et sentimentales,Sean Chen,United States,24.0,Semifinal Recital,Semifinal,Ravel,Valses nobles et sentimentales,2
77,198,16098.0,3577.0,1524.0,16.451342281879196,0.868222176,B major,38.0,"[4, 13.0]",0.0,616.0,2547.0,3851.0,1320.0,202.0,394.0,118.0,64.0,Liszt Sonata in B Minor,Kenneth Broberg,United States,23.0,Semifinal Recital,Semifinal,Liszt,Sonata in B Minor,2
78,199,167.0,15.0,48.0,5.428571428571429,2.25,d minor,2.0,"[0, 0]",57.10344827586207,24.0,18.0,75.0,6.0,18.0,0.0,0.0,0.0,Scarlatti Sonata in B Minor L.449,Valery Kuleshov,Russia,30.0,Semifinal Recital,Semifinal,Scarlatti,Sonata in B Minor L.449,2
79,201,167.0,15.0,48.0,5.428571428571429,2.25,d minor,2.0,"[0, 0]",57.10344827586207,24.0,18.0,75.0,6.0,18.0,0.0,0.0,0.0,Scarlatti Sonata in D Minor L.423,Valery Kuleshov,Russia,30.0,Semifinal Recital,Semifinal,Scarlatti,Sonata in D Minor L.423,2
80,203,242.0,0.0,30.0,,,A- major,2.0,"[0, 0]",110.0769230769231,1.0,0.0,191.0,39.0,2.0,3.0,6.0,0.0,Schumann Carnaval Op.9,Valery Kuleshov,Russia,30.0,Semifinal Recital,Semifinal,Schumann,Carnaval Op.9,2
81,204,5289.0,743.0,1258.0,12.966307277628031,2.5390835579514826,b minor,2.0,"[0, 0]",0.0,52.0,4.0,2785.0,893.0,75.0,134.0,308.0,0.0,Chopin Scherzo No.1 in B Minor Op.20,Valery Kuleshov,Russia,30.0,Semifinal Recital,Semifinal,Chopin,Scherzo No.1 in B Minor Op.20,2
83,222,167.0,15.0,48.0,5.428571428571429,2.25,d minor,2.0,"[0, 0]",57.10344827586207,24.0,18.0,75.0,6.0,18.0,0.0,0.0,0.0,Scarlatti Sonata in G Minor K.8,Moye Chen,China,33.0,Preliminary,Preliminary,Scarlatti,Sonata in G Minor K.8,3
85,224,6663.0,1184.0,1152.0,10.68639053254438,0.3193153000845308,d minor,6.0,"[0, 0]",0.0,1252.0,176.0,2783.0,252.0,119.0,159.0,0.0,0.0,Grieg 'March of the Dwarfs' Op.54 No.3,Moye Chen,China,34.0,Preliminary,Preliminary,Grieg,'March of the Dwarfs' Op.54 No.3,3
86,228,10868.0,1570.0,1574.0,9.492670490758444,1.3804971319311663,E- major,10.0,"[18, 7.5]",0.0,1372.0,2020.0,2565.0,1010.0,375.0,91.0,198.0,0.0,Beethoven Sonata in E Major Op.109,Aviram Reichert,Israel,25.0,Preliminary,Preliminary,Beethoven,Sonata in E Major Op.109,3
90,235,10868.0,1570.0,1574.0,9.492670490758444,1.3804971319311663,E- major,10.0,"[18, 7.5]",0.0,1372.0,2020.0,2565.0,1010.0,375.0,91.0,198.0,0.0,Beethoven Sonata in E-flat Major Op.7,Barry Douglas,United Kingdom,25.0,Preliminary Phase 1,Preliminary,Beethoven,Sonata in E-flat Major Op.7,3
92,239,1823.0,16.0,144.0,5.733333333333333,0.9666666666666668,e minor,2.0,"[0, 0]",40.0,8.0,1358.0,343.0,86.0,3.0,0.0,0.0,0.0,Bach Toccata in E Minor BWV 914,Benedetto Lupo,Italy,25.0,Preliminary Phase 1,Preliminary,Bach,Toccata in E Minor BWV 914,3
94,241,6394.0,1220.0,482.0,10.941755537325676,0.593934578,b- minor,2.0,"[7, 5.375]",46.75850545009423,43.0,1498.0,1336.0,153.0,80.0,0.0,26.0,0.0,Chopin Ballade No.4 in F Minor Op.52,Benedetto Lupo,Italy,25.0,Preliminary Phase 1,Preliminary,Chopin,Ballade No.4 in F Minor Op.52,3
95,242,2324.0,101.0,192.0,9.3,3.72,F major,2.0,"[1, 1.0]",101.93697478991596,28.0,1846.0,61.0,112.0,0.0,28.0,8.0,25.0,Chopin Etude in F Major Op.10 No.8,Benedetto Lupo,Italy,25.0,Preliminary Phase 1,Preliminary,Chopin,Etude in F Major Op.10 No.8,3
96,243,6306.0,1618.0,456.0,20.106369820655537,0.3976370851370852,c minor,22.0,"[0, 0]",81.55377896570651,227.0,1017.0,1476.0,4.0,79.0,0.0,2.0,0.0,Liszt Transcendental Etude No.8,Benedetto Lupo,Italy,25.0,Preliminary Phase 1,Preliminary,Liszt,Transcendental Etude No.8,3
97,244,951.0,32.0,116.0,5.451612903225806,3.0,C major,2.0,"[8, 3.625]",70.0,384.0,312.0,128.0,14.0,1.0,3.0,0.0,0.0,Mozart Sonata in C Major K.330,Barry Douglas,United Kingdom,25.0,Preliminary Phase 2,Preliminary,Mozart,Sonata in C Major K.330,3
98,245,251.0,66.0,22.0,9.584615384615384,0.4576923076923077,E- major,4.0,"[1, 1.5]",0.0,9.0,67.0,50.0,5.0,7.0,0.0,0.0,0.0,Beethoven Sonata in A-flat Major Op.110,Barry Douglas,United Kingdom,25.0,Preliminary Phase 2,Preliminary,Beethoven,Sonata in A-flat Major Op.110,3
99,248,1002.0,103.0,108.0,2.735294117647059,1.107843137254902,E- major,3.0,"[6, 4.0]",0.0,204.0,469.0,102.0,95.0,2.0,4.0,0.0,0.0,Mozart Sonata in E-flat Major K.282,Benedetto Lupo,Italy,25.0,Preliminary Phase 2,Preliminary,Mozart,Sonata in E-flat Major K.282,3
100,251,251.0,66.0,22.0,9.584615384615384,0.4576923076923077,E- major,4.0,"[1, 1.5]",0.0,9.0,67.0,50.0,5.0,7.0,0.0,0.0,0.0,Beethoven Sonata in A-flat Major Op.110,Sa Chen,China,25.0,Preliminary Recital,Preliminary,Beethoven,Sonata in A-flat Major Op.110,3
101,252,2554.0,1058.0,126.0,6.617786187322611,0.2346263008514664,g# minor,2.0,"[0, 0]",99.62300319488818,1.0,918.0,396.0,57.0,2.0,11.0,0.0,2.0,Chopin Etude in G-sharp Minor Op.25 No.6,Sa Chen,China,25.0,Preliminary Recital,Preliminary,Chopin,Etude in G-sharp Minor Op.25 No.6,3
103,255,5107.0,908.0,282.0,6.630650496141125,0.3514999081220138,g# minor,150.0,"[0, 0]",60.58154330091592,3111.0,73.0,278.0,91.0,31.0,11.0,18.0,8.0,Ravel Gaspard de la Nuit,Sa Chen,China,25.0,Preliminary Recital,Preliminary,Ravel,Gaspard de la Nuit,3
104,256,251.0,66.0,22.0,9.584615384615384,0.4576923076923077,E- major,4.0,"[1, 1.5]",0.0,9.0,67.0,50.0,5.0,7.0,0.0,0.0,0.0,Beethoven Sonata No.31 in A-flat Major Op.110,Daniel Hsu,United States,19.0,Preliminary Recital,Preliminary,Beethoven,Sonata No.31 in A-flat Major Op.110,3
105,258,17500.0,4879.0,4608.0,16.137966379663798,0.3904409252425841,d minor,96.0,"[1, 2.0]",44.25536664600821,1407.0,2280.0,3654.0,763.0,55.0,138.0,18.0,9.0,Liszt Réminiscences de Don Juan,Daniel Hsu,United States,19.0,Preliminary Recital,Preliminary,Liszt,Réminiscences de Don Juan,3
109,268,251.0,66.0,22.0,9.584615384615384,0.4576923076923077,E- major,4.0,"[1, 1.5]",0.0,9.0,67.0,50.0,5.0,7.0,0.0,0.0,0.0,Beethoven Sonata in A-flat Major Op.110,Barry Douglas,United Kingdom,25.0,Recital Program,Recital Program,Beethoven,Sonata in A-flat Major Op.110,3
111,273,951.0,32.0,116.0,5.451612903225806,3.0,C major,2.0,"[8, 3.625]",70.0,384.0,312.0,128.0,14.0,1.0,3.0,0.0,0.0,Mozart Sonata in C Major K.330,Moye Chen,China,33.0,Semifinal,Semifinal,Mozart,Sonata in C Major K.330,3
112,274,16098.0,3577.0,1524.0,16.451342281879196,0.868222176,B major,38.0,"[4, 13.0]",0.0,616.0,2547.0,3851.0,1320.0,202.0,394.0,118.0,64.0,Liszt Sonata in B Minor,Moye Chen,China,33.0,Semifinal,Semifinal,Liszt,Sonata in B Minor,3
114,279,1322.0,276.0,158.0,0.850909091,1.1333333333333333,C major,2.0,"[7, 11.0]",65.0,30.0,66.0,82.0,62.0,26.0,101.0,21.0,18.0,Mozart Piano Concerto No.21 in C Major K.467,Daniel Hsu,United States,19.0,Semifinal Concerto,Semifinal,Mozart,Piano Concerto No.21 in C Major K.467,3
115,280,8408.0,1095.0,936.0,5.305301645338209,1.707499238269348,d minor,2.0,"[1, 4.0]",0.0,139.0,3619.0,1554.0,754.0,59.0,209.0,0.0,23.0,Mozart Piano Concerto No.20 in D Minor K.466,DMYTRO CHONI,UKRAINE,28.0,Semifinal Concerto,Semifinal,Mozart,Piano Concerto No.20 in D Minor K.466,3
117,284,3208.0,1168.0,154.0,20.210796915167094,0.260504141673806,c minor,2.0,"[2, 3.0]",33.83841496495302,46.0,199.0,85.0,211.0,6.0,31.0,0.0,7.0,Chopin Nocturne in C Minor Op.48 No.1,Aviram Reichert,Israel,25.0,Semifinal Recital,Semifinal,Chopin,Nocturne in C Minor Op.48 No.1,3
118,285,3418.0,1458.0,238.0,18.87920384351407,0.2724776938915555,B major,6.0,"[0, 0]",127.25290023201856,8.0,7.0,529.0,236.0,5.0,95.0,25.0,2.0,Chopin Etude in B Minor Op.25 No.10,Aviram Reichert,Israel,25.0,Semifinal Recital,Semifinal,Chopin,Etude in B Minor Op.25 No.10,3
119,286,242.0,0.0,30.0,,,A- major,2.0,"[0, 0]",110.0769230769231,1.0,0.0,191.0,39.0,2.0,3.0,6.0,0.0,Schumann Carnaval Op.9,Sa Chen,China,25.0,Semifinal Recital,Semifinal,Schumann,Carnaval Op.9,3
120,288,4977.0,616.0,410.0,12.204878048780488,1.3203252032520332,b minor,2.0,"[8, 14.0]",83.57677165,60.0,2144.0,634.0,394.0,41.0,122.0,1.0,14.0,Chopin Sonata No.3 in B Minor Op.58,Sa Chen,China,25.0,Semifinal Recital,Semifinal,Chopin,Sonata No.3 in B Minor Op.58,3
121,310,4389.0,998.0,837.0,10.568706118355063,0.5150451354062178,F# major,3.0,"[0, 0]",0.0,1323.0,396.0,453.0,356.0,25.0,80.0,0.0,0.0,Liszt Jeux d'eau,Kenneth Broberg,United States,23.0,Preliminary,Preliminary,Liszt,Jeux d'eau,4
123,324,3418.0,1458.0,238.0,18.87920384351407,0.2724776938915555,B major,6.0,"[0, 0]",127.25290023201856,8.0,7.0,529.0,236.0,5.0,95.0,25.0,2.0,Chopin Etude in A Minor Op.10 No.2,Alexander Shtarkman,USSR,22.0,Preliminary Phase 1,Preliminary,Chopin,Etude in A Minor Op.10 No.2,4
124,350,12148.0,3480.0,1328.0,15.027019258407588,0.4169301523426256,A major,16.0,"[8, 12.0]",0.0,1046.0,2627.0,2147.0,198.0,148.0,21.0,12.0,0.0,Liszt Spanish Rhapsody,Johan Schmidt,Belgium,28.0,Semifinal Recital,Semifinal,Liszt,Spanish Rhapsody,4
125,358,968.0,0.0,74.0,,,E- major,2.0,"[6, 6.0]",0.0,24.0,618.0,252.0,57.0,4.0,7.0,1.0,2.0,Bach Prelude and Fugue in E-flat Major BWV 852,Sergei Davydchenko,Russia,,Preliminary,Preliminary,Bach,Prelude and Fugue in E-flat Major BWV 852,1
128,423,4289.0,887.0,292.0,13.67607223476298,0.4830699774266364,g# minor,2.0,"[5, 6.5]",0.0,825.0,1428.0,685.0,3.0,3.0,0.0,2.0,0.0,Liszt La Campanella,Shishkin Dmitry,Russia,,Preliminary,Preliminary,Liszt,La Campanella,2
129,458,3418.0,1458.0,238.0,18.87920384351407,0.2724776938915555,B major,6.0,"[0, 0]",127.25290023201856,8.0,7.0,529.0,236.0,5.0,95.0,25.0,2.0,Prokofiev 4 Etudes Op.2,Fujita Mao,Japan,,Semifinal,Semifinal,Prokofiev,4 Etudes Op.2,2
131,470,2253.0,244.0,166.0,8.687242798353909,1.337448559670782,c# minor,2.0,"[0, 0]",99.01703163017032,0.0,1497.0,236.0,116.0,2.0,4.0,7.0,2.0,Chopin Etude in C-sharp Minor Op.10 No.4,Lukas Geniusas,Russia/Lithuania,,Semifinal,Semifinal,Chopin,Etude in C-sharp Minor Op.10 No.4,2
132,471,1637.0,225.0,170.0,9.803571428571429,0.7499999999999997,F# major,2.0,"[0, 0]",64.16535433070865,2.0,5.0,208.0,25.0,3.0,13.0,0.0,0.0,Chopin Etude in G-flat Major Op.10 No.5,Lukas Geniusas,Russia/Lithuania,,Semifinal,Semifinal,Chopin,Etude in G-flat Major Op.10 No.5,2
133,472,1027.0,106.0,108.0,18.095238095238095,1.2523809523809524,g# minor,2.0,"[0, 0]",34.967058823529406,3.0,666.0,41.0,40.0,103.0,6.0,44.0,0.0,Chopin Etude in E-flat Minor Op.10 No.6,Lukas Geniusas,Russia/Lithuania,,Semifinal,Semifinal,Chopin,Etude in E-flat Minor Op.10 No.6,2
134,504,1465.0,0.0,142.0,,,c# minor,2.0,"[3, 3.0]",120.0,15.0,1045.0,46.0,0.0,52.0,0.0,1.0,0.0,Bach Prelude and Fugue in C-sharp Minor BWV 873,Melnikov Alexey,Russia,,Preliminary,Preliminary,Bach,Prelude and Fugue in C-sharp Minor BWV 873,3
136,541,619.0,2.0,70.0,36.0,0.0,C major,2.0,"[0, 0]",0.0,0.0,412.0,0.0,66.0,0.0,70.0,0.0,2.0,Bach Prelude No.1 in C Major,Broberg Kenneth,USA,,Semifinal,Semifinal,Bach,Prelude No.1 in C Major,3
137,542,482.0,39.0,58.0,8.289473684210526,0.9473684210526316,a minor,2.0,"[0, 0]",135.0,0.0,288.0,105.0,14.0,10.0,0.0,3.0,0.0,Scriabin Prelude No.2 in A Minor,Melnikov Alexey,Russia,,Semifinal,Semifinal,Scriabin,Prelude No.2 in A Minor,3
138,550,3418.0,1458.0,238.0,18.87920384351407,0.2724776938915555,B major,6.0,"[0, 0]",127.25290023201856,8.0,7.0,529.0,236.0,5.0,95.0,25.0,2.0,Prokofiev 4 Etudes Op.2,Melnikov Alexey,Russia,,Semifinal,Semifinal,Prokofiev,4 Etudes Op.2,3
139,551,16098.0,3577.0,1524.0,16.451342281879196,0.868222176,B major,38.0,"[4, 13.0]",0.0,616.0,2547.0,3851.0,1320.0,202.0,394.0,118.0,64.0,Liszt Sonata in B Minor,Melnikov Alexey,Russia,,Semifinal,Semifinal,Liszt,Sonata in B Minor,3
141,557,988.0,225.0,124.0,5.473214285714286,0.814732143,F# major,2.0,"[0, 0]",50.0,0.0,11.0,252.0,183.0,10.0,35.0,5.0,0.0,Rachmaninoff Prelude in G-flat major Op.23 No.10,Daniel Kharitonov,Russia,,Semifinal,Semifinal,Rachmaninoff,Prelude in G-flat major Op.23 No.10,3
142,558,6765.0,1676.0,861.0,14.997014925373136,0.3998246268656716,c# minor,51.0,"[32, 43.75]",110.50807512782072,1365.0,1608.0,787.0,249.0,38.0,23.0,0.0,0.0,Liszt Hungarian Rhapsody No.12,Daniel Kharitonov,Russia,,Semifinal,Semifinal,Liszt,Hungarian Rhapsody No.12,3
143,565,3754.0,1240.0,296.0,10.356739305891848,0.4745762711864387,g minor,2.0,"[0, 0]",47.77316736,0.0,6.0,288.0,571.0,22.0,76.0,30.0,15.0,Schubert-Liszt Erlkönig,Sergei Redkin,Russia,,Semifinal,Semifinal,Schubert-Liszt,Erlkönig,3
145,568,1322.0,276.0,158.0,0.850909091,1.1333333333333333,C major,2.0,"[7, 11.0]",65.0,30.0,66.0,82.0,62.0,26.0,101.0,21.0,18.0,Mozart Piano Concerto No.12 in A major K.414,Sergei Redkin,Russia,,Semifinal,Semifinal,Mozart,Piano Concerto No.12 in A major K.414,3
146,569,2899.0,474.0,116.0,16.276955602536997,0.6723044397463002,c# minor,2.0,"[0, 0]",126.0,1.0,1755.0,316.0,76.0,92.0,0.0,9.0,0.0,Scriabin Etude in C-sharp Minor Op.42 No.5,Yanfeng Bai,China,23.0,Semifinal,Semifinal,Scriabin,Etude in C-sharp Minor Op.42 No.5,3
147,573,1735.0,11.0,168.0,3.1,0.8,g minor,2.0,"[0, 0]",47.73731343283582,2.0,944.0,555.0,185.0,2.0,8.0,3.0,0.0,Bach Prelude and Fugue in G Minor BWV 885,Suah Ye,South Korea,,Preliminary,Preliminary,Bach,Prelude and Fugue in G Minor BWV 885,4
150,579,1465.0,0.0,142.0,,,c# minor,2.0,"[3, 3.0]",120.0,15.0,1045.0,46.0,0.0,52.0,0.0,1.0,0.0,Bach Prelude and Fugue in C-sharp Minor BWV 873,Xuanyi Mao,China,,Preliminary,Preliminary,Bach,Prelude and Fugue in C-sharp Minor BWV 873,4
151,581,4155.0,1080.0,364.0,12.354958294717331,0.3387395736793352,b- minor,2.0,"[0, 0]",99.99049429657796,9.0,126.0,319.0,71.0,8.0,2.0,0.0,0.0,Liszt Transcendental Etude No.10,Xuanyi Mao,China,,Preliminary,Preliminary,Liszt,Transcendental Etude No.10,4
152,582,3418.0,1458.0,238.0,18.87920384351407,0.2724776938915555,B major,6.0,"[0, 0]",127.25290023201856,8.0,7.0,529.0,236.0,5.0,95.0,25.0,2.0,Chopin Etude in A Minor Op.10 No.2,Xuanyi Mao,China,,Preliminary,Preliminary,Chopin,Etude in A Minor Op.10 No.2,4
154,584,251.0,66.0,22.0,9.584615384615384,0.4576923076923077,E- major,4.0,"[1, 1.5]",0.0,9.0,67.0,50.0,5.0,7.0,0.0,0.0,0.0,Beethoven Sonata in A-flat Major Op.110,Xuanyi Mao,China,,Preliminary,Preliminary,Beethoven,Sonata in A-flat Major Op.110,4
155,588,13440.0,3380.0,1491.0,16.129032258064516,0.4633397454868298,c# minor,39.0,"[7, 6.5]",169.26464997936048,1884.0,2015.0,2046.0,771.0,63.0,241.0,4.0,25.0,Schumann Symphonic Etudes Op.13,Suah Ye,South Korea,,Semifinal,Semifinal,Schumann,Symphonic Etudes Op.13,4
